{
  "project_info": {
    "project_number": "135827895164",
    "project_id": "vassist-ba3fb",
    "storage_bucket": "vassist-ba3fb.appspot.com"
  },
  "client": [
    {
      "client_info": {
        "mobilesdk_app_id": "1:135827895164:android:7bcba1cda19057c291aaf9",
        "android_client_info": {
          "package_name": "com.example.food_system"
        }
      },
      "oauth_client": [
        {
          "client_id": "135827895164-5bb0jkv85fs82rfmp060ckbg8g9g37j6.apps.googleusercontent.com",
          "client_type": 3
        }
      ],
      "api_key": [
        {
          "current_key": "AIzaSyCuXurVM2XMfMtTWLnSHJlYN19BHSp_mII"
        }
      ],
      "services": {
        "appinvite_service": {
          "other_platform_oauth_client": [
            {
              "client_id": "135827895164-5bb0jkv85fs82rfmp060ckbg8g9g37j6.apps.googleusercontent.com",
              "client_type": 3
            }
          ]
        }
      }
    }
  ],
  "configuration_version": "1"
}